id,book,chapter,verse,b,c,v,month,month_name,day,words,month_source,note,text
1,"בראשית","ז","יא",0,7,11,2,"אייר",17,"1-12",explicit,"מחלוקת: יש הסוברים שחודשי המבול נמנים מתשרי","<b>בִּשְׁנַ֨ת שֵׁשׁ־מֵא֤וֹת שָׁנָה֙ לְחַיֵּי־נֹ֔חַ בַּחֹ֨דֶשׁ֙ הַשֵּׁנִ֔י בְּשִׁבְעָֽה־עָשָׂ֥ר י֖וֹם לַחֹ֑דֶשׁ</b> בַּיּ֣וֹם הַזֶּ֗ה נִבְקְעוּ֙ כָּֽל־מַעְיְנֹת֙ תְּה֣וֹם רַבָּ֔ה וַֽאֲרֻבֹּ֥ת הַשָּׁמַ֖יִם נִפְתָּֽחוּ"
2,"בראשית","ח","ד",0,8,4,7,"תשרי",17,"3-8",explicit,"מחלוקת: יש הסוברים שחודשי המבול נמנים מתשרי","וַתָּ֤נַח הַתֵּבָה֙ <b>בַּחֹ֣דֶשׁ הַשְּׁבִיעִ֔י בְּשִׁבְעָֽה־עָשָׂ֥ר י֖וֹם לַחֹ֑דֶשׁ</b> עַ֖ל הָרֵ֥י אֲרָרָֽט"
3,"בראשית","ח","ה",0,8,5,10,"טבת",1,"8-10",explicit,"מחלוקת: יש הסוברים שחודשי המבול נמנים מתשרי","וְהַמַּ֗יִם הָיוּ֙ הָל֣וֹךְ וְחָס֔וֹר עַ֖ד הַחֹ֣דֶשׁ הָֽעֲשִׂירִ֑י <b>בָּֽעֲשִׂירִי֙ בְּאֶחָ֣ד לַחֹ֔דֶשׁ</b> נִרְא֖וּ רָאשֵׁ֥י הֶֽהָרִֽים"
4,"בראשית","ח","יג",0,8,13,1,"ניסן",1,"2-8",explicit,"מחלוקת: יש הסוברים שחודשי המבול נמנים מתשרי","וַ֠יְהִ֠י <b>בְּאַחַ֨ת וְשֵׁשׁ־מֵא֜וֹת שָׁנָ֗ה בָּֽרִאשׁוֹן֙ בְּאֶחָ֣ד לַחֹ֔דֶשׁ</b> חָֽרְב֥וּ הַמַּ֖יִם מֵעַ֣ל הָאָ֑רֶץ וַיָּ֤סַר נֹ֨חַ֙ אֶת־מִכְסֵ֣ה הַתֵּבָ֔ה וַיַּ֕רְא וְהִנֵּ֥ה חָֽרְב֖וּ פְּנֵ֥י הָֽאֲדָמָֽה"
5,"בראשית","ח","יד",0,8,14,2,"אייר",27,"1-6",explicit,"מחלוקת: יש הסוברים שחודשי המבול נמנים מתשרי","<b>וּבַחֹ֨דֶשׁ֙ הַשֵּׁנִ֔י בְּשִׁבְעָ֧ה וְעֶשְׂרִ֛ים י֖וֹם לַחֹ֑דֶשׁ</b> יָֽבְשָׁ֖ה הָאָֽרֶץ"
6,"שמות","יב","ג",1,12,3,1,"ניסן",10,"7-9",context,"החודש נלמד מההקשר","דַּבְּר֗וּ אֶֽל־כָּל־עֲדַ֤ת יִשְׂרָאֵל֙ לֵאמֹ֔ר <b>בֶּֽעָשֹׂ֖ר לַחֹ֣דֶשׁ הַזֶּ֑ה</b> וְיִקְח֣וּ לָהֶ֗ם אִ֛ישׁ שֶׂ֥ה לְבֵית־אָבֹ֖ת שֶׂ֥ה לַבָּֽיִת"
7,"שמות","יב","ו",1,12,6,1,"ניסן",14,"5-9",context,"החודש נלמד מההקשר","וְהָיָ֤ה לָכֶם֙ לְמִשְׁמֶ֔רֶת עַ֣ד <b>אַרְבָּעָ֥ה עָשָׂ֛ר י֖וֹם לַחֹ֣דֶשׁ הַזֶּ֑ה</b> וְשָֽׁחֲט֣וּ אֹת֗וֹ כֹּ֛ל קְהַ֥ל עֲדַֽת־יִשְׂרָאֵ֖ל בֵּ֥ין הָֽעַרְבָּֽיִם"
8,"שמות","יב","יח",1,12,18,1,"ניסן",14,"1-5",explicit,"","<b>בָּֽרִאשֹׁ֡ן בְּאַרְבָּעָה֩ עָשָׂ֨ר י֤וֹם לַחֹ֨דֶשׁ֙</b> בָּעֶ֔רֶב תֹּֽאכְל֖וּ מַצֹּ֑ת עַ֠ד י֣וֹם הָֽאֶחָ֧ד וְעֶשְׂרִ֛ים לַחֹ֖דֶשׁ בָּעָֽרֶב"
9,"שמות","יב","יח",1,12,18,1,"ניסן",21,"10-13",explicit,"","בָּֽרִאשֹׁ֡ן בְּאַרְבָּעָה֩ עָשָׂ֨ר י֤וֹם לַחֹ֨דֶשׁ֙ בָּעֶ֔רֶב תֹּֽאכְל֖וּ מַצֹּ֑ת עַ֠ד <b>י֣וֹם הָֽאֶחָ֧ד וְעֶשְׂרִ֛ים לַחֹ֖דֶשׁ</b> בָּעָֽרֶב"
10,"שמות","טז","א",1,16,1,2,"אייר",15,"16-23",explicit,"","וַיִּסְעוּ֙ מֵֽאֵילִ֔ם וַיָּבֹ֜אוּ כָּל־עֲדַ֤ת בְּנֵֽי־יִשְׂרָאֵל֙ אֶל־מִדְבַּר־סִ֔ין אֲשֶׁ֥ר בֵּין־אֵילִ֖ם וּבֵ֣ין סִינָ֑י <b>בַּֽחֲמִשָּׁ֨ה עָשָׂ֥ר יוֹם֙ לַחֹ֣דֶשׁ הַשֵּׁנִ֔י לְצֵאתָ֖ם מֵאֶ֥רֶץ מִצְרָֽיִם</b>"
11,"שמות","מ","ב",1,40,2,1,"ניסן",1,"1-5",explicit,"","<b>בְּיוֹם־הַחֹ֥דֶשׁ הָֽרִאשׁ֖וֹן בְּאֶחָ֣ד לַחֹ֑דֶשׁ</b> תָּקִ֕ים אֶת־מִשְׁכַּ֖ן אֹ֥הֶל מוֹעֵֽד"
12,"שמות","מ","יז",1,40,17,1,"ניסן",1,"2-7",explicit,"","וַיְהִ֞י <b>בַּחֹ֧דֶשׁ הָֽרִאשׁ֛וֹן בַּשָּׁנָ֥ה הַשֵּׁנִ֖ית בְּאֶחָ֣ד לַחֹ֑דֶשׁ</b> הוּקַ֖ם הַמִּשְׁכָּֽן"
13,"ויקרא","טז","כט",2,16,29,7,"תשרי",10,"5-8",explicit,"","וְהָֽיְתָ֥ה לָכֶ֖ם לְחֻקַּ֣ת עוֹלָ֑ם <b>בַּחֹ֣דֶשׁ הַ֠שְּׁבִיעִ֠י בֶּֽעָשׂ֨וֹר לַחֹ֜דֶשׁ</b> תְּעַנּ֣וּ אֶת־נַפְשֹֽׁתֵיכֶ֗ם וְכָל־מְלָאכָה֙ לֹ֣א תַֽעֲשׂ֔וּ הָֽאֶזְרָ֔ח וְהַגֵּ֖ר הַגָּ֥ר בְּתֽוֹכְכֶֽם"
14,"ויקרא","כג","ה",2,23,5,1,"ניסן",14,"1-5",explicit,"","<b>בַּחֹ֣דֶשׁ הָֽרִאשׁ֗וֹן בְּאַרְבָּעָ֥ה עָשָׂ֛ר לַחֹ֖דֶשׁ</b> בֵּ֣ין הָֽעַרְבָּ֑יִם פֶּ֖סַח לַֽיהֹוָֽה"
15,"ויקרא","כג","ו",2,23,6,1,"ניסן",15,"1-5",context,"החודש נלמד מההקשר","<b>וּבַֽחֲמִשָּׁ֨ה עָשָׂ֥ר יוֹם֙ לַחֹ֣דֶשׁ הַזֶּ֔ה</b> חַ֥ג הַמַּצּ֖וֹת לַֽיהֹוָ֑ה שִׁבְעַ֥ת יָמִ֖ים מַצּ֥וֹת תֹּאכֵֽלוּ"
16,"ויקרא","כג","כד",2,23,24,7,"תשרי",1,"6-9",explicit,"","דַּבֵּ֛ר אֶל־בְּנֵ֥י יִשְׂרָאֵ֖ל לֵאמֹ֑ר <b>בַּחֹ֨דֶשׁ הַשְּׁבִיעִ֜י בְּאֶחָ֣ד לַחֹ֗דֶשׁ</b> יִֽהְיֶ֤ה לָכֶם֙ שַׁבָּת֔וֹן זִכְר֥וֹן תְּרוּעָ֖ה מִקְרָא־קֹֽדֶשׁ"
17,"ויקרא","כג","כז",2,23,27,7,"תשרי",10,"2-5",explicit,"","אַ֡ךְ <b>בֶּֽעָשׂ֣וֹר לַחֹ֩דֶשׁ֩ הַשְּׁבִיעִ֨י הַזֶּ֜ה</b> י֧וֹם הַכִּפֻּרִ֣ים ה֗וּא מִֽקְרָא־קֹ֨דֶשׁ֙ יִֽהְיֶ֣ה לָכֶ֔ם וְעִנִּיתֶ֖ם אֶת־נַפְשֹֽׁתֵיכֶ֑ם וְהִקְרַבְתֶּ֥ם אִשֶּׁ֖ה לַֽיהֹוָֽה"
18,"ויקרא","כג","לב",2,23,32,7,"תשרי",9,"8-9",context,"החודש נלמד מההקשר","שַׁבַּ֨ת שַׁבָּת֥וֹן הוּא֙ לָכֶ֔ם וְעִנִּיתֶ֖ם אֶת־נַפְשֹֽׁתֵיכֶ֑ם <b>בְּתִשְׁעָ֤ה לַחֹ֨דֶשׁ֙</b> בָּעֶ֔רֶב מֵעֶ֣רֶב עַד־עֶ֔רֶב תִּשְׁבְּת֖וּ שַׁבַּתְּכֶֽם"
19,"ויקרא","כג","לד",2,23,34,7,"תשרי",15,"6-11",explicit,"","דַּבֵּ֛ר אֶל־בְּנֵ֥י יִשְׂרָאֵ֖ל לֵאמֹ֑ר <b>בַּֽחֲמִשָּׁ֨ה עָשָׂ֜ר י֗וֹם לַחֹ֤דֶשׁ הַשְּׁבִיעִי֙ הַזֶּ֔ה</b> חַ֧ג הַסֻּכּ֛וֹת שִׁבְעַ֥ת יָמִ֖ים לַֽיהֹוָֽה"
20,"ויקרא","כג","לט",2,23,39,7,"תשרי",15,"2-6",explicit,"","אַ֡ךְ <b>בַּֽחֲמִשָּׁה֩ עָשָׂ֨ר י֜וֹם לַחֹ֣דֶשׁ הַשְּׁבִיעִ֗י</b> בְּאָסְפְּכֶם֙ אֶת־תְּבוּאַ֣ת הָאָ֔רֶץ תָּחֹ֥גּוּ אֶת־חַג־יְהֹוָ֖ה שִׁבְעַ֣ת יָמִ֑ים בַּיּ֤וֹם הָֽרִאשׁוֹן֙ שַׁבָּת֔וֹן וּבַיּ֥וֹם הַשְּׁמִינִ֖י שַׁבָּתֽוֹן"
21,"ויקרא","כה","ט",2,25,9,7,"תשרי",10,"4-7",explicit,"","וְהַֽעֲבַרְתָּ֞ שׁוֹפַ֤ר תְּרוּעָה֙ <b>בַּחֹ֣דֶשׁ הַשְּׁבִעִ֔י בֶּֽעָשׂ֖וֹר לַחֹ֑דֶשׁ</b> בְּיוֹם֙ הַכִּפֻּרִ֔ים תַּֽעֲבִ֥ירוּ שׁוֹפָ֖ר בְּכָל־אַרְצְכֶֽם"
22,"במדבר","א","א",3,1,1,2,"אייר",1,"9-16",explicit,"","וַיְדַבֵּ֨ר יְהֹוָ֧ה אֶל־מֹשֶׁ֛ה בְּמִדְבַּ֥ר סִינַ֖י בְּאֹ֣הֶל מוֹעֵ֑ד <b>בְּאֶחָד֩ לַחֹ֨דֶשׁ הַשֵּׁנִ֜י בַּשָּׁנָ֣ה הַשֵּׁנִ֗ית לְצֵאתָ֛ם מֵאֶ֥רֶץ מִצְרַ֖יִם</b> לֵאמֹֽר"
23,"במדבר","א","יח",3,1,18,2,"אייר",1,"5-7",explicit,"","וְאֵ֨ת כָּל־הָֽעֵדָ֜ה הִקְהִ֗ילוּ <b>בְּאֶחָד֙ לַחֹ֣דֶשׁ הַשֵּׁנִ֔י</b> וַיִּתְיַֽלְד֥וּ עַל־מִשְׁפְּחֹתָ֖ם לְבֵ֣ית אֲבֹתָ֑ם בְּמִסְפַּ֣ר שֵׁמ֗וֹת מִבֶּ֨ן עֶשְׂרִ֥ים שָׁנָ֛ה וָמַ֖עְלָה לְגֻלְגְּלֹתָֽם"
24,"במדבר","ט","ג",3,9,3,1,"ניסן",14,"1-5",context,"החודש נלמד מההקשר","<b>בְּאַרְבָּעָ֣ה עָשָֽׂר־י֠וֹם בַּחֹ֨דֶשׁ הַזֶּ֜ה</b> בֵּ֧ין הָֽעַרְבַּ֛יִם תַּֽעֲשׂ֥וּ אֹת֖וֹ בְּמֹֽעֲד֑וֹ כְּכָל־חֻקֹּתָ֥יו וּכְכָל־מִשְׁפָּטָ֖יו תַּֽעֲשׂ֥וּ אֹתֽוֹ"
25,"במדבר","ט","ה",3,9,5,1,"ניסן",14,"4-8",explicit,"","וַיַּֽעֲשׂ֣וּ אֶת־הַפֶּ֡סַח <b>בָּֽרִאשׁ֡וֹן בְּאַרְבָּעָה֩ עָשָׂ֨ר י֥וֹם לַחֹ֛דֶשׁ</b> בֵּ֥ין הָֽעַרְבַּ֖יִם בְּמִדְבַּ֣ר סִינָ֑י כְּ֠כֹ֠ל אֲשֶׁ֨ר צִוָּ֤ה יְהֹוָה֙ אֶת־מֹשֶׁ֔ה כֵּ֥ן עָשׂ֖וּ בְּנֵ֥י יִשְׂרָאֵֽל"
26,"במדבר","ט","יא",3,9,11,2,"אייר",14,"1-5",explicit,"","<b>בַּחֹ֨דֶשׁ הַשֵּׁנִ֜י בְּאַרְבָּעָ֨ה עָשָׂ֥ר י֛וֹם</b> בֵּ֥ין הָֽעַרְבַּ֖יִם יַֽעֲשׂ֣וּ אֹת֑וֹ עַל־מַצּ֥וֹת וּמְרֹרִ֖ים יֹֽאכְלֻֽהוּ"
27,"במדבר","י","יא",3,10,11,2,"אייר",20,"2-7",explicit,"","וַיְהִ֞י <b>בַּשָּׁנָ֧ה הַשֵּׁנִ֛ית בַּחֹ֥דֶשׁ הַשֵּׁנִ֖י בְּעֶשְׂרִ֣ים בַּחֹ֑דֶשׁ</b> נַֽעֲלָה֙ הֶֽעָנָ֔ן מֵעַ֖ל מִשְׁכַּ֥ן הָֽעֵדֻֽת"
28,"במדבר","כח","טז",3,28,16,1,"ניסן",14,"1-6",explicit,"","<b>וּבַחֹ֣דֶשׁ הָֽרִאשׁ֗וֹן בְּאַרְבָּעָ֥ה עָשָׂ֛ר י֖וֹם לַחֹ֑דֶשׁ</b> פֶּ֖סַח לַֽיהֹוָֽה"
29,"במדבר","כח","יז",3,28,17,1,"ניסן",15,"1-5",context,"החודש נלמד מההקשר","<b>וּבַֽחֲמִשָּׁ֨ה עָשָׂ֥ר י֛וֹם לַחֹ֥דֶשׁ הַזֶּ֖ה</b> חָ֑ג שִׁבְעַ֣ת יָמִ֔ים מַצּ֖וֹת יֵֽאָכֵֽל"
30,"במדבר","כט","א",3,29,1,7,"תשרי",1,"1-4",explicit,"","<b>וּבַחֹ֨דֶשׁ הַשְּׁבִיעִ֜י בְּאֶחָ֣ד לַחֹ֗דֶשׁ</b> מִֽקְרָא־קֹ֨דֶשׁ֙ יִֽהְיֶ֣ה לָכֶ֔ם כָּל־מְלֶ֥אכֶת עֲבֹדָ֖ה לֹ֣א תַֽעֲשׂ֑וּ י֥וֹם תְּרוּעָ֖ה יִֽהְיֶ֥ה לָכֶֽם"
31,"במדבר","כט","ז",3,29,7,7,"תשרי",10,"1-4",explicit,"","<b>וּבֶֽעָשׂוֹר֩ לַחֹ֨דֶשׁ הַשְּׁבִיעִ֜י הַזֶּ֗ה</b> מִֽקְרָא־קֹ֨דֶשׁ֙ יִֽהְיֶ֣ה לָכֶ֔ם וְעִנִּיתֶ֖ם אֶת־נַפְשֹֽׁתֵיכֶ֑ם כָּל־מְלָאכָ֖ה לֹ֥א תַֽעֲשֽׂוּ"
32,"במדבר","כט","יב",3,29,12,7,"תשרי",15,"1-5",explicit,"","<b>וּבַֽחֲמִשָּׁה֩ עָשָׂ֨ר י֜וֹם לַחֹ֣דֶשׁ הַשְּׁבִיעִ֗י</b> מִֽקְרָא־קֹ֨דֶשׁ֙ יִֽהְיֶ֣ה לָכֶ֔ם כָּל־מְלֶ֥אכֶת עֲבֹדָ֖ה לֹ֣א תַֽעֲשׂ֑וּ וְחַגֹּתֶ֥ם חַ֛ג לַֽיהֹוָ֖ה שִׁבְעַ֥ת יָמִֽים"
33,"במדבר","לג","ג",3,33,3,1,"ניסן",15,"3-9",explicit,"","וַיִּסְע֤וּ מֵֽרַעְמְסֵס֙ <b>בַּחֹ֣דֶשׁ הָֽרִאשׁ֔וֹן בַּֽחֲמִשָּׁ֥ה עָשָׂ֛ר י֖וֹם לַחֹ֣דֶשׁ הָֽרִאשׁ֑וֹן</b> מִֽמָּחֳרַ֣ת הַפֶּ֗סַח יָֽצְא֤וּ בְנֵֽי־יִשְׂרָאֵל֙ בְּיָ֣ד רָמָ֔ה לְעֵינֵ֖י כָּל־מִצְרָֽיִם"
34,"במדבר","לג","לח",3,33,38,5,"אב",1,"12-22",explicit,"","וַיַּ֩עַל֩ אַֽהֲרֹ֨ן הַכֹּהֵ֜ן אֶל־הֹ֥ר הָהָ֛ר עַל־פִּ֥י יְהֹוָ֖ה וַיָּ֣מָת שָׁ֑ם <b>בִּשְׁנַ֣ת הָֽאַרְבָּעִ֗ים לְצֵ֤את בְּנֵֽי־יִשְׂרָאֵל֙ מֵאֶ֣רֶץ מִצְרַ֔יִם בַּחֹ֥דֶשׁ הַֽחֲמִישִׁ֖י בְּאֶחָ֥ד לַחֹֽדֶשׁ</b>"
35,"דברים","א","ג",4,1,3,11,"שבט",1,"2-8",explicit,"","וַֽיְהִי֙ <b>בְּאַרְבָּעִ֣ים שָׁנָ֔ה בְּעַשְׁתֵּֽי־עָשָׂ֥ר חֹ֖דֶשׁ בְּאֶחָ֣ד לַחֹ֑דֶשׁ</b> דִּבֶּ֤ר מֹשֶׁה֙ אֶל־בְּנֵ֣י יִשְׂרָאֵ֔ל כְּ֠כֹ֠ל אֲשֶׁ֨ר צִוָּ֧ה יְהֹוָ֛ה אֹת֖וֹ אֲלֵהֶֽם"
36,"יהושע","ד","יט",5,4,19,1,"ניסן",10,"5-7",explicit,"","וְהָעָ֗ם עָלוּ֙ מִן־הַיַּרְדֵּ֔ן <b>בֶּֽעָשׂ֖וֹר לַחֹ֣דֶשׁ הָֽרִאשׁ֑וֹן</b> וַֽיַּחֲנוּ֙ בַּגִּלְגָּ֔ל בִּקְצֵ֖ה מִזְרַ֥ח יְרִיחֽוֹ"
37,"יהושע","ה","י",5,5,10,1,"ניסן",14,"8-11",context,"החודש נלמד מההקשר","וַיַּֽחֲנ֥וּ בְנֵֽי־יִשְׂרָאֵ֖ל בַּגִּלְגָּ֑ל וַיַּֽעֲשׂ֣וּ אֶת־הַפֶּ֡סַח <b>בְּאַרְבָּעָה֩ עָשָׂ֨ר י֥וֹם לַחֹ֛דֶשׁ</b> בָּעֶ֖רֶב בְּעַֽרְב֥וֹת יְרִיחֽוֹ"
38,"מלכים א","יב","לב",9,12,32,8,"חשוון",15,"4-9",explicit,"","וַיַּ֣עַשׂ יָֽרָבְעָ֣ם ׀ חָ֡ג <b>בַּחֹ֣דֶשׁ הַשְּׁמִינִ֣י בַחֲמִשָּֽׁה־עָשָׂר֩ י֨וֹם ׀ לַחֹ֜דֶשׁ</b> כֶּחָ֣ג ׀ אֲשֶׁ֣ר בִּֽיהוּדָ֗ה וַיַּ֨עַל֙ עַל־הַמִּזְבֵּ֔חַ כֵּ֤ן עָשָׂה֙ בְּבֵֽית־אֵ֔ל לְזַבֵּ֖חַ לָֽעֲגָלִ֣ים אֲשֶׁר־עָשָׂ֑ה וְהֶֽעֱמִיד֙ בְּבֵ֣ית אֵ֔ל אֶת־כֹּֽהֲנֵ֥י הַבָּמ֖וֹת אֲשֶׁ֥ר עָשָֽׂה"
39,"מלכים א","יב","לג",9,12,33,8,"חשוון",15,"8-12",explicit,"","וַיַּ֜עַל עַֽל־הַמִּזְבֵּ֣חַ ׀ אֲשֶׁר־עָשָׂ֣ה בְּבֵֽית־אֵ֗ל <b>בַּֽחֲמִשָּׁ֨ה עָשָׂ֥ר יוֹם֙ בַּחֹ֣דֶשׁ הַשְּׁמִינִ֔י</b> בַּחֹ֖דֶשׁ אֲשֶׁר־בָּדָ֣א מִלִּבּ֑וֹ וַיַּ֤עַשׂ חָג֙ לִבְנֵ֣י יִשְׂרָאֵ֔ל וַיַּ֥עַל עַל־הַמִּזְבֵּ֖חַ לְהַקְטִֽיר"
40,"מלכים ב","כה","א",10,25,1,10,"טבת",10,"2-8",explicit,"","וַיְהִי֩ <b>בִשְׁנַ֨ת הַתְּשִׁיעִ֜ית לְמָלְכ֗וֹ בַּחֹ֣דֶשׁ הָֽעֲשִׂירִי֮ בֶּֽעָשׂ֣וֹר לַחֹ֒דֶשׁ֒</b> בָּ֠א נְבֻֽכַדְנֶאצַּ֨ר מֶֽלֶךְ־בָּבֶ֜ל ה֧וּא וְכָל־חֵיל֛וֹ עַל־יְרֽוּשָׁלִַ֖ם וַיִּ֣חַן עָלֶ֑יהָ וַיִּבְנ֥וּ עָלֶ֛יהָ דָּיֵ֖ק סָבִֽיב"
41,"מלכים ב","כה","ג",10,25,3,4,"תמוז",9,"1-2",inferred,"החודש נלמד מהפסוק המקביל בירמיהו נב,ו","<b>בְּתִשְׁעָ֣ה לַחֹ֔דֶשׁ</b> וַיֶּֽחֱזַ֥ק הָֽרָעָ֖ב בָּעִ֑יר וְלֹא־הָ֥יָה לֶ֖חֶם לְעַ֥ם הָאָֽרֶץ"
42,"מלכים ב","כה","ח",10,25,8,5,"אב",7,"1-11",explicit,"","<b>וּבַחֹ֤דֶשׁ הַֽחֲמִישִׁי֙ בְּשִׁבְעָ֣ה לַחֹ֔דֶשׁ הִ֗יא שְׁנַת֙ תְּשַֽׁע־עֶשְׂרֵ֣ה שָׁנָ֔ה לַמֶּ֖לֶךְ נְבֻֽכַדְנֶאצַּ֣ר</b> מֶֽלֶךְ־בָּבֶ֑ל בָּ֞א נְבֽוּזַרְאֲדָ֧ן רַב־טַבָּחִ֛ים עֶ֥בֶד מֶֽלֶךְ־בָּבֶ֖ל יְרֽוּשָׁלִָֽם"
43,"מלכים ב","כה","כז",10,25,27,12,"אדר",27,"2-6,9-14",explicit,"","וַיְהִי֩ <b>בִשְׁלֹשִׁ֨ים וָשֶׁ֜בַע שָׁנָ֗ה לְגָלוּת֙ יְהֽוֹיָכִ֣ין</b> מֶֽלֶךְ־יְהוּדָ֔ה <b>בִּשְׁנֵ֤ים עָשָׂר֙ חֹ֔דֶשׁ בְּעֶשְׂרִ֥ים וְשִׁבְעָ֖ה לַחֹ֑דֶשׁ</b> נָשָׂ֡א אֱוִ֣יל מְרֹדַךְ֩ מֶ֨לֶךְ בָּבֶ֜ל בִּשְׁנַ֣ת מָלְכ֗וֹ אֶת־רֹ֛אשׁ יְהֽוֹיָכִ֥ין מֶֽלֶךְ־יְהוּדָ֖ה מִבֵּ֥ית כֶּֽלֶא"
44,"ירמיהו","לט","ב",12,39,2,4,"תמוז",9,"1-8",explicit,"","<b>בְּעַשְׁתֵּֽי־עֶשְׂרֵ֤ה שָׁנָה֙ לְצִדְקִיָּ֔הוּ בַּחֹ֥דֶשׁ הָֽרְבִיעִ֖י בְּתִשְׁעָ֣ה לַחֹ֑דֶשׁ</b> הָבְקְעָ֖ה הָעִֽיר"
45,"ירמיהו","נב","ד",12,52,4,10,"טבת",10,"2-8",explicit,"","וַיְהִי֩ <b>בַשָּׁנָ֨ה הַתְּשִׁעִ֜ית לְמָלְכ֗וֹ בַּחֹ֣דֶשׁ הָֽעֲשִׂירִי֮ בֶּֽעָשׂ֣וֹר לַחֹ֒דֶשׁ֒</b> בָּ֠א נְבֽוּכַדְרֶאצַּ֨ר מֶֽלֶךְ־בָּבֶ֜ל ה֤וּא וְכָל־חֵילוֹ֙ עַל־יְר֣וּשָׁלִַ֔ם וַֽיַּחֲנ֖וּ עָלֶ֑יהָ וַיִּבְנ֥וּ עָלֶ֛יהָ דָּיֵ֖ק סָבִֽיב"
46,"ירמיהו","נב","ו",12,52,6,4,"תמוז",9,"1-4",explicit,"","<b>בַּחֹ֤דֶשׁ הָֽרְבִיעִי֙ בְּתִשְׁעָ֣ה לַחֹ֔דֶשׁ</b> וַיֶּֽחֱזַ֥ק הָֽרָעָ֖ב בָּעִ֑יר וְלֹֽא־הָיָ֥ה לֶ֖חֶם לְעַ֥ם הָאָֽרֶץ"
47,"ירמיהו","נב","יב",12,52,12,5,"אב",10,"1-11",explicit,"","<b>וּבַחֹ֤דֶשׁ הַֽחֲמִישִׁי֙ בֶּֽעָשׂ֣וֹר לַחֹ֔דֶשׁ הִ֗יא שְׁנַת֙ תְּשַֽׁע־עֶשְׂרֵ֣ה שָׁנָ֔ה לַמֶּ֖לֶךְ נְבֽוּכַדְרֶאצַּ֣ר</b> מֶֽלֶךְ־בָּבֶ֑ל בָּ֗א נְבֽוּזַרְאֲדָן֙ רַב־טַבָּחִ֔ים עָמַ֛ד לִפְנֵ֥י מֶֽלֶךְ־בָּבֶ֖ל בִּירֽוּשָׁלִָֽם"
48,"ירמיהו","נב","לא",12,52,31,12,"אדר",25,"2-6,9-14",explicit,"","וַיְהִי֩ <b>בִשְׁלֹשִׁ֨ים וָשֶׁ֜בַע שָׁנָ֗ה לְגָלוּת֙ יְהֽוֹיָכִ֣ן</b> מֶֽלֶךְ־יְהוּדָ֔ה <b>בִּשְׁנֵי֤ם עָשָׂר֙ חֹ֔דֶשׁ בְּעֶשְׂרִ֥ים וַֽחֲמִשָּׁ֖ה לַחֹ֑דֶשׁ</b> נָשָׂ֡א אֱוִ֣יל מְרֹדַךְ֩ מֶ֨לֶךְ בָּבֶ֜ל בִּשְׁנַ֣ת מַלְכֻת֗וֹ אֶת־רֹאשׁ֙ יְהֽוֹיָכִ֣ין מֶֽלֶךְ־יְהוּדָ֔ה וַיֹּצֵ֥א אֹת֖וֹ מִבֵּ֥ית הַכְּלֽוּא"
49,"יחזקאל","א","א",13,1,1,4,"תמוז",5,"2-6",explicit,"","וַיְהִ֣י ׀ <b>בִּשְׁלֹשִׁ֣ים שָׁנָ֗ה בָּֽרְבִיעִי֙ בַּֽחֲמִשָּׁ֣ה לַחֹ֔דֶשׁ</b> וַֽאֲנִ֥י בְתֽוֹךְ־הַגּוֹלָ֖ה עַל־נְהַר־כְּבָ֑ר נִפְתְּחוּ֙ הַשָּׁמַ֔יִם וָֽאֶרְאֶ֖ה מַרְא֥וֹת אֱלֹהִֽים"
50,"יחזקאל","א","ב",13,1,2,4,"תמוז",5,"1-8",context,"החודש נלמד מההקשר","<b>בַּֽחֲמִשָּׁ֖ה לַחֹ֑דֶשׁ הִ֚יא הַשָּׁנָ֣ה הַֽחֲמִישִׁ֔ית לְגָל֖וּת הַמֶּ֥לֶךְ יֽוֹיָכִֽין</b>"
51,"יחזקאל","ח","א",13,8,1,6,"אלול",5,"2-6",explicit,"","וַיְהִ֣י ׀ <b>בַּשָּׁנָ֣ה הַשִּׁשִּׁ֗ית בַּשִּׁשִּׁי֙ בַּֽחֲמִשָּׁ֣ה לַחֹ֔דֶשׁ</b> אֲנִי֙ יוֹשֵׁ֣ב בְּבֵיתִ֔י וְזִקְנֵ֥י יְהוּדָ֖ה יֽוֹשְׁבִ֣ים לְפָנָ֑י וַתִּפֹּ֤ל עָלַי֙ שָׁ֔ם יַ֖ד אֲדֹנָ֥י יְהֹוִֽה"
52,"יחזקאל","כ","א",13,20,1,5,"אב",10,"2-6",explicit,"","וַיְהִ֣י ׀ <b>בַּשָּׁנָ֣ה הַשְּׁבִיעִ֗ית בַּֽחֲמִשִׁי֙ בֶּֽעָשׂ֣וֹר לַחֹ֔דֶשׁ</b> בָּ֧אוּ אֲנָשִׁ֛ים מִזִּקְנֵ֥י יִשְׂרָאֵ֖ל לִדְרֹ֣שׁ אֶת־יְהֹוָ֑ה וַיֵּֽשְׁב֖וּ לְפָנָֽי"
53,"יחזקאל","כד","א",13,24,1,10,"טבת",10,"5-10",explicit,"","וַיְהִי֩ דְבַר־יְהֹוָ֨ה אֵלַ֜י <b>בַּשָּׁנָ֤ה הַתְּשִׁיעִית֙ בַּחֹ֣דֶשׁ הָֽעֲשִׂירִ֔י בֶּֽעָשׂ֥וֹר לַחֹ֖דֶשׁ</b> לֵאמֹֽר"
54,"יחזקאל","כט","א",13,29,1,10,"טבת",12,"1-6",explicit,"","<b>בַּשָּׁנָה֙ הָֽעֲשִׂרִ֔ית בָּֽעֲשִׂרִ֕י בִּשְׁנֵ֥ים עָשָׂ֖ר לַחֹ֑דֶשׁ</b> הָיָ֥ה דְבַר־יְהֹוָ֖ה אֵלַ֥י לֵאמֹֽר"
55,"יחזקאל","כט","יז",13,29,17,1,"ניסן",1,"2-7",explicit,"","וַיְהִ֗י <b>בְּעֶשְׂרִ֤ים וָשֶׁ֨בַע֙ שָׁנָ֔ה בָּֽרִאשׁ֖וֹן בְּאֶחָ֣ד לַחֹ֑דֶשׁ</b> הָיָ֥ה דְבַר־יְהֹוָ֖ה אֵלַ֥י לֵאמֹֽר"
56,"יחזקאל","ל","כ",13,30,20,1,"ניסן",7,"2-7",explicit,"","וַיְהִ֗י <b>בְּאַחַ֤ת עֶשְׂרֵה֙ שָׁנָ֔ה בָּֽרִאשׁ֖וֹן בְּשִׁבְעָ֣ה לַחֹ֑דֶשׁ</b> הָיָ֥ה דְבַר־יְהֹוָ֖ה אֵלַ֥י לֵאמֹֽר"
57,"יחזקאל","לא","א",13,31,1,3,"סיון",1,"2-7",explicit,"","וַיְהִ֗י <b>בְּאַחַ֤ת עֶשְׂרֵה֙ שָׁנָ֔ה בַּשְּׁלִישִׁ֖י בְּאֶחָ֣ד לַחֹ֑דֶשׁ</b> הָיָ֥ה דְבַר־יְהֹוָ֖ה אֵלַ֥י לֵאמֹֽר"
58,"יחזקאל","לב","א",13,32,1,12,"אדר",1,"2-9",explicit,"","וַֽיְהִי֙ <b>בִּשְׁתֵּ֣י עֶשְׂרֵ֣ה שָׁנָ֔ה בִּשְׁנֵֽי־עָשָׂ֥ר חֹ֖דֶשׁ בְּאֶחָ֣ד לַחֹ֑דֶשׁ</b> הָיָ֥ה דְבַר־יְהֹוָ֖ה אֵלַ֥י לֵאמֹֽר"
59,"יחזקאל","לב","יז",13,32,17,12,"אדר",15,"2-7",inferred,"החודש נלמד מיחזקאל לב,א","וַֽיְהִי֙ <b>בִּשְׁתֵּ֣י עֶשְׂרֵ֣ה שָׁנָ֔ה בַּֽחֲמִשָּׁ֥ה עָשָׂ֖ר לַחֹ֑דֶשׁ</b> הָיָ֥ה דְבַר־יְהֹוָ֖ה אֵלַ֥י לֵאמֹֽר"
60,"יחזקאל","לג","כא",13,33,21,10,"טבת",5,"2-8",explicit,"","וַיְהִ֞י <b>בִּשְׁתֵּ֧י עֶשְׂרֵ֣ה שָׁנָ֗ה בָּֽעֲשִׂרִ֛י בַּֽחֲמִשָּׁ֥ה לַחֹ֖דֶשׁ לְגָֽלוּתֵ֑נוּ</b> בָּֽא־אֵלַ֨י הַפָּלִ֧יט מִירֽוּשָׁלִַ֛ם לֵאמֹ֖ר הֻכְּתָ֥ה הָעִֽיר"
61,"יחזקאל","מ","א",13,40,1,7,"תשרי",10,"1-8",inferred,"לפי הגמרא (ערכין יב ע""א) ראש השנה בעשור לחודש הוא יום הכיפורים של שנת היובל; יש המפרשים ניסן","<b>בְּעֶשְׂרִ֣ים וְחָמֵ֣שׁ שָׁנָ֣ה לְ֠גָֽלוּתֵ֠נוּ בְּרֹ֨אשׁ הַשָּׁנָ֜ה בֶּֽעָשׂ֣וֹר לַחֹ֗דֶשׁ</b> בְּאַרְבַּ֤ע עֶשְׂרֵה֙ שָׁנָ֔ה אַחַ֕ר אֲשֶׁ֥ר הֻכְּתָ֖ה הָעִ֑יר בְּעֶ֣צֶם ׀ הַיּ֣וֹם הַזֶּ֗ה הָֽיְתָ֤ה עָלַי֙ יַד־יְהֹוָ֔ה וַיָּבֵ֥א אֹתִ֖י שָֽׁמָּה"
62,"יחזקאל","מה","יח",13,45,18,1,"ניסן",1,"5-7",explicit,"","כֹּֽה־אָמַר֮ אֲדֹנָ֣י יְהֹוִה֒ <b>בָּֽרִאשׁוֹן֙ בְּאֶחָ֣ד לַחֹ֔דֶשׁ</b> תִּקַּ֥ח פַּר־בֶּן־בָּקָ֖ר תָּמִ֑ים וְחִטֵּאתָ֖ אֶת־הַמִּקְדָּֽשׁ"
63,"יחזקאל","מה","כ",13,45,20,1,"ניסן",7,"3-4",context,"החודש נלמד מההקשר","וְכֵ֤ן תַּֽעֲשֶׂה֙ <b>בְּשִׁבְעָ֣ה בַחֹ֔דֶשׁ</b> מֵאִ֥ישׁ שֹׁגֶ֖ה וּמִפֶּ֑תִי וְכִפַּרְתֶּ֖ם אֶת־הַבָּֽיִת"
64,"יחזקאל","מה","כא",13,45,21,1,"ניסן",14,"1-5",explicit,"","<b>בָּֽ֠רִאשׁ֠וֹן בְּאַרְבָּעָ֨ה עָשָׂ֥ר יוֹם֙ לַחֹ֔דֶשׁ</b> יִֽהְיֶ֥ה לָכֶ֖ם הַפָּ֑סַח חָ֕ג שְׁבֻע֣וֹת יָמִ֔ים מַצּ֖וֹת יֵֽאָכֵֽל"
65,"יחזקאל","מה","כה",13,45,25,7,"תשרי",15,"1-5",explicit,"","<b>בַּשְּׁבִיעִ֡י בַּֽחֲמִשָּׁה֩ עָשָׂ֨ר י֤וֹם לַחֹ֨דֶשׁ֙</b> בֶּחָ֔ג יַֽעֲשֶׂ֥ה כָאֵ֖לֶּה שִׁבְעַ֣ת הַיָּמִ֑ים כַּֽחַטָּאת֙ כָּֽעֹלָ֔ה וְכַמִּנְחָ֖ה וְכַשָּֽׁמֶן"
66,"חגי","א","א",23,1,1,6,"אלול",1,"1-3,5-9",explicit,"","<b>בִּשְׁנַ֤ת שְׁתַּ֨יִם֙ לְדָֽרְיָ֣וֶשׁ</b> הַמֶּ֔לֶךְ <b>בַּחֹ֨דֶשׁ֙ הַשִּׁשִּׁ֔י בְּי֥וֹם אֶחָ֖ד לַחֹ֑דֶשׁ</b> הָיָ֨ה דְבַר־יְהֹוָ֜ה בְּיַד־חַגַּ֣י הַנָּבִ֗יא אֶל־זְרֻבָּבֶ֤ל בֶּן־שְׁאַלְתִּיאֵל֙ פַּחַ֣ת יְהוּדָ֔ה וְאֶל־יְהוֹשֻׁ֧עַ בֶּן־יְהֽוֹצָדָ֛ק הַכֹּהֵ֥ן הַגָּד֖וֹל לֵאמֹֽר"
67,"חגי","א","טו",23,1,15,6,"אלול",24,"1-8",explicit,"","<b>בְּי֨וֹם עֶשְׂרִ֧ים וְאַרְבָּעָ֛ה לַחֹ֖דֶשׁ בַּשִּׁשִּׁ֑י בִּשְׁנַ֥ת שְׁתַּ֖יִם לְדָֽרְיָ֥וֶשׁ</b> הַמֶּֽלֶךְ"
68,"חגי","ב","א",23,2,1,7,"תשרי",21,"1-4",explicit,"","<b>בַּשְּׁבִיעִ֕י בְּעֶשְׂרִ֥ים וְאֶחָ֖ד לַחֹ֑דֶשׁ</b> הָיָה֙ דְּבַר־יְהֹוָ֔ה בְּיַד־חַגַּ֥י הַנָּבִ֖יא לֵאמֹֽר"
69,"חגי","ב","י",23,2,10,9,"כסלו",24,"1-6",explicit,"","<b>בְּעֶשְׂרִ֤ים וְאַרְבָּעָה֙ לַתְּשִׁיעִ֔י בִּשְׁנַ֥ת שְׁתַּ֖יִם לְדָֽרְיָ֑וֶשׁ</b> הָיָה֙ דְּבַר־יְהֹוָ֔ה אֶל־חַגַּ֥י הַנָּבִ֖יא לֵאמֹֽר"
70,"חגי","ב","יח",23,2,18,9,"כסלו",24,"8-11",explicit,"","שִׂימוּ־נָ֣א לְבַבְכֶ֔ם מִן־הַיּ֥וֹם הַזֶּ֖ה וָמָ֑עְלָה <b>מִיּוֹם֩ עֶשְׂרִ֨ים וְאַרְבָּעָ֜ה לַתְּשִׁיעִ֗י</b> לְמִן־הַיּ֛וֹם אֲשֶׁר־יֻסַּ֥ד הֵֽיכַל־יְהֹוָ֖ה שִׂ֥ימוּ לְבַבְכֶֽם"
71,"חגי","ב","כ",23,2,20,9,"כסלו",24,"7-9",context,"החודש נלמד מההקשר","וַיְהִ֨י דְבַר־יְהֹוָ֤ה ׀ שֵׁנִית֙ אֶל־חַגַּ֔י <b>בְּעֶשְׂרִ֧ים וְאַרְבָּעָ֛ה לַחֹ֖דֶשׁ</b> לֵאמֹֽר"
72,"זכריה","א","ז",24,1,7,11,"שבט",24,"1-12",explicit,"","<b>בְּיוֹם֩ עֶשְׂרִ֨ים וְאַרְבָּעָ֜ה לְעַשְׁתֵּֽי־עָשָׂ֥ר חֹ֨דֶשׁ֙ הוּא־חֹ֣דֶשׁ שְׁבָ֔ט בִּשְׁנַ֥ת שְׁתַּ֖יִם לְדָֽרְיָ֑וֶשׁ</b> הָיָ֣ה דְבַר־יְהֹוָ֗ה אֶל־זְכַרְיָה֙ בֶּן־בֶּ֣רֶכְיָ֔הוּ בֶּן־עִדּ֥וֹא הַנָּבִ֖יא לֵאמֹֽר"
73,"זכריה","ז","א",24,7,1,9,"כסלו",4,"11-14",explicit,"","וַֽיְהִי֙ בִּשְׁנַ֣ת אַרְבַּ֔ע לְדָֽרְיָ֖וֶשׁ הַמֶּ֑לֶךְ הָיָ֨ה דְבַר־יְהֹוָ֜ה אֶל־זְכַרְיָ֗ה <b>בְּאַרְבָּעָ֛ה לַחֹ֥דֶשׁ הַתְּשִׁעִ֖י בְּכִסְלֵֽו</b>"
74,"אסתר","ג","יב",33,3,12,1,"ניסן",13,"4-9",explicit,"","וַיִּקָּֽרְאוּ֩ סֹֽפְרֵ֨י הַמֶּ֜לֶךְ <b>בַּחֹ֣דֶשׁ הָֽרִאשׁ֗וֹן בִּשְׁלוֹשָׁ֨ה עָשָׂ֣ר יוֹם֮ בּוֹ֒</b> וַיִּכָּתֵ֣ב כְּֽכָל־אֲשֶׁר־צִוָּ֣ה הָמָ֡ן אֶ֣ל אֲחַשְׁדַּרְפְּנֵֽי־הַ֠מֶּ֠לֶךְ וְֽאֶל־הַפַּח֞וֹת אֲשֶׁ֣ר ׀ עַל־מְדִינָ֣ה וּמְדִינָ֗ה וְאֶל־שָׂ֤רֵי עַם֙ וָעָ֔ם מְדִינָ֤ה וּמְדִינָה֙ כִּכְתָבָ֔הּ וְעַ֥ם וָעָ֖ם כִּלְשׁוֹנ֑וֹ בְּשֵׁ֨ם הַמֶּ֤לֶךְ אֲחַשְׁוֵרֹשׁ֙ נִכְתָּ֔ב וְנֶחְתָּ֖ם בְּטַבַּ֥עַת הַמֶּֽלֶךְ"
75,"אסתר","ג","יג",33,3,13,12,"אדר",13,"22-29",explicit,"","וְנִשְׁל֨וֹחַ סְפָרִ֜ים בְּיַ֣ד הָֽרָצִים֮ אֶל־כָּל־מְדִינ֣וֹת הַמֶּ֒לֶךְ֒ לְהַשְׁמִ֡יד לַֽהֲרֹ֣ג וּלְאַבֵּ֣ד אֶת־כָּל־הַ֠יְּהוּדִ֠ים מִנַּ֨עַר וְעַד־זָקֵ֜ן טַ֤ף וְנָשִׁים֙ בְּי֣וֹם אֶחָ֔ד <b>בִּשְׁלוֹשָׁ֥ה עָשָׂ֛ר לְחֹ֥דֶשׁ שְׁנֵים־עָשָׂ֖ר הוּא־חֹ֣דֶשׁ אֲדָ֑ר</b> וּשְׁלָלָ֖ם לָבֽוֹז"
76,"אסתר","ח","ט",33,8,9,3,"סיון",23,"6-13",explicit,"","וַיִּקָּֽרְא֣וּ סֹפְרֵֽי־הַמֶּ֣לֶךְ בָּֽעֵת־הַ֠הִ֠יא <b>בַּחֹ֨דֶשׁ הַשְּׁלִישִׁ֜י הוּא־חֹ֣דֶשׁ סִיוָ֗ן בִּשְׁלוֹשָׁ֣ה וְעֶשְׂרִים֮ בּוֹ֒</b> וַיִּכָּתֵ֣ב כְּֽכָל־אֲשֶׁר־צִוָּ֣ה מָרְדֳּכַ֣י אֶל־הַיְּהוּדִ֡ים וְאֶ֣ל הָאֲחַשְׁדַּרְפְּנִֽים־וְהַפַּחוֹת֩ וְשָׂרֵ֨י הַמְּדִינ֜וֹת אֲשֶׁ֣ר ׀ מֵהֹ֣דּוּ וְעַד־כּ֗וּשׁ שֶׁ֣בַע וְעֶשְׂרִ֤ים וּמֵאָה֙ מְדִינָ֔ה מְדִינָ֤ה וּמְדִינָה֙ כִּכְתָבָ֔הּ וְעַ֥ם וָעָ֖ם כִּלְשֹׁנ֑וֹ וְאֶ֨ל־הַיְּהוּדִ֔ים כִּכְתָבָ֖ם וְכִלְשׁוֹנָֽם"
77,"אסתר","ח","יב",33,8,12,12,"אדר",13,"7-14",explicit,"","בְּי֣וֹם אֶחָ֔ד בְּכָל־מְדִינ֖וֹת הַמֶּ֣לֶךְ אֲחַשְׁוֵר֑וֹשׁ <b>בִּשְׁלוֹשָׁ֥ה עָשָׂ֛ר לְחֹ֥דֶשׁ שְׁנֵים־עָשָׂ֖ר הוּא־חֹ֥דֶשׁ אֲדָֽר</b>"
78,"אסתר","ט","א",33,9,1,12,"אדר",13,"1-10",explicit,"","<b>וּבִשְׁנֵים֩ עָשָׂ֨ר חֹ֜דֶשׁ הוּא־חֹ֣דֶשׁ אֲדָ֗ר בִּשְׁלוֹשָׁ֨ה עָשָׂ֥ר יוֹם֙ בּ֔וֹ</b> אֲשֶׁ֨ר הִגִּ֧יעַ דְּבַר־הַמֶּ֛לֶךְ וְדָת֖וֹ לְהֵֽעָשׂ֑וֹת בַּיּ֗וֹם אֲשֶׁ֨ר שִׂבְּר֜וּ אֹֽיְבֵ֤י הַיְּהוּדִים֙ לִשְׁל֣וֹט בָּהֶ֔ם וְנַֽהֲפ֣וֹךְ ה֔וּא אֲשֶׁ֨ר יִשְׁלְט֧וּ הַיְּהוּדִ֛ים הֵ֖מָּה בְּשֹֽׂנְאֵיהֶֽם"
79,"אסתר","ט","טו",33,9,15,12,"אדר",14,"6-10",explicit,"","וַיִּֽקָּהֲל֞וּ הַיְּהוּדִ֣ים אֲשֶׁר־בְּשׁוּשָׁ֗ן גַּ֠ם <b>בְּי֣וֹם אַרְבָּעָ֤ה עָשָׂר֙ לְחֹ֣דֶשׁ אֲדָ֔ר</b> וַיַּֽהַרְג֣וּ בְשׁוּשָׁ֔ן שְׁלֹ֥שׁ מֵא֖וֹת אִ֑ישׁ וּבַ֨בִּזָּ֔ה לֹ֥א שָֽׁלְח֖וּ אֶת־יָדָֽם"
80,"אסתר","ט","יז",33,9,17,12,"אדר",13,"1-5",explicit,"","<b>בְּיוֹם־שְׁלוֹשָׁ֥ה עָשָׂ֖ר לְחֹ֣דֶשׁ אֲדָ֑ר</b> וְנ֗וֹחַ בְּאַרְבָּעָ֤ה עָשָׂר֙ בּ֔וֹ וְעָשֹׂ֣ה אֹת֔וֹ י֖וֹם מִשְׁתֶּ֥ה וְשִׂמְחָֽה"
81,"אסתר","ט","יז",33,9,17,12,"אדר",14,"7-9",explicit,"","בְּיוֹם־שְׁלוֹשָׁ֥ה עָשָׂ֖ר לְחֹ֣דֶשׁ אֲדָ֑ר וְנ֗וֹחַ <b>בְּאַרְבָּעָ֤ה עָשָׂר֙ בּ֔וֹ</b> וְעָשֹׂ֣ה אֹת֔וֹ י֖וֹם מִשְׁתֶּ֥ה וְשִׂמְחָֽה"
82,"אסתר","ט","יח",33,9,18,12,"אדר",13,"5-7",context,"החודש נלמד מההקשר","וְהַיְּהוּדִ֣ים אֲשֶׁר־בְּשׁוּשָׁ֗ן נִקְהֲלוּ֙ <b>בִּשְׁלוֹשָׁ֤ה עָשָׂר֙ בּ֔וֹ</b> וּבְאַרְבָּעָ֥ה עָשָׂ֖ר בּ֑וֹ וְנ֗וֹחַ בַּֽחֲמִשָּׁ֤ה עָשָׂר֙ בּ֔וֹ וְעָשֹׂ֣ה אֹת֔וֹ י֖וֹם מִשְׁתֶּ֥ה וְשִׂמְחָֽה"
83,"אסתר","ט","יח",33,9,18,12,"אדר",14,"8-10",context,"החודש נלמד מההקשר","וְהַיְּהוּדִ֣ים אֲשֶׁר־בְּשׁוּשָׁ֗ן נִקְהֲלוּ֙ בִּשְׁלוֹשָׁ֤ה עָשָׂר֙ בּ֔וֹ <b>וּבְאַרְבָּעָ֥ה עָשָׂ֖ר בּ֑וֹ</b> וְנ֗וֹחַ בַּֽחֲמִשָּׁ֤ה עָשָׂר֙ בּ֔וֹ וְעָשֹׂ֣ה אֹת֔וֹ י֖וֹם מִשְׁתֶּ֥ה וְשִׂמְחָֽה"
84,"אסתר","ט","יח",33,9,18,12,"אדר",15,"12-14",context,"החודש נלמד מההקשר","וְהַיְּהוּדִ֣ים אֲשֶׁר־בְּשׁוּשָׁ֗ן נִקְהֲלוּ֙ בִּשְׁלוֹשָׁ֤ה עָשָׂר֙ בּ֔וֹ וּבְאַרְבָּעָ֥ה עָשָׂ֖ר בּ֑וֹ וְנ֗וֹחַ <b>בַּֽחֲמִשָּׁ֤ה עָשָׂר֙ בּ֔וֹ</b> וְעָשֹׂ֣ה אֹת֔וֹ י֖וֹם מִשְׁתֶּ֥ה וְשִׂמְחָֽה"
85,"אסתר","ט","יט",33,9,19,12,"אדר",14,"10-14",explicit,"","עַל־כֵּ֞ן הַיְּהוּדִ֣ים הַפְּרָזִ֗ים הַיֹּֽשְׁבִים֮ בְּעָרֵ֣י הַפְּרָזוֹת֒ עֹשִׂ֗ים אֵ֠ת <b>י֣וֹם אַרְבָּעָ֤ה עָשָׂר֙ לְחֹ֣דֶשׁ אֲדָ֔ר</b> שִׂמְחָ֥ה וּמִשְׁתֶּ֖ה וְי֣וֹם ט֑וֹב וּמִשְׁלֹ֥חַ מָנ֖וֹת אִ֥ישׁ לְרֵעֵֽהוּ"
86,"אסתר","ט","כא",33,9,21,12,"אדר",14,"6-10",explicit,"","לְקַיֵּם֮ עֲלֵיהֶם֒ לִֽהְי֣וֹת עֹשִׂ֗ים אֵ֠ת <b>י֣וֹם אַרְבָּעָ֤ה עָשָׂר֙ לְחֹ֣דֶשׁ אֲדָ֔ר</b> וְאֵ֛ת יוֹם־חֲמִשָּׁ֥ה עָשָׂ֖ר בּ֑וֹ בְּכָל־שָׁנָ֖ה וְשָׁנָֽה"
87,"אסתר","ט","כא",33,9,21,12,"אדר",15,"12-15",explicit,"","לְקַיֵּם֮ עֲלֵיהֶם֒ לִֽהְי֣וֹת עֹשִׂ֗ים אֵ֠ת י֣וֹם אַרְבָּעָ֤ה עָשָׂר֙ לְחֹ֣דֶשׁ אֲדָ֔ר וְאֵ֛ת <b>יוֹם־חֲמִשָּׁ֥ה עָשָׂ֖ר בּ֑וֹ</b> בְּכָל־שָׁנָ֖ה וְשָׁנָֽה"
88,"דניאל","י","ד",34,10,4,1,"ניסן",24,"1-5",explicit,"","<b>וּבְי֛וֹם עֶשְׂרִ֥ים וְאַרְבָּעָ֖ה לַחֹ֣דֶשׁ הָֽרִאשׁ֑וֹן</b> וַֽאֲנִ֗י הָיִ֛יתִי עַ֣ל יַ֧ד הַנָּהָ֛ר הַגָּד֖וֹל ה֥וּא חִדָּֽקֶל"
89,"עזרא","ג","ו",35,3,6,7,"תשרי",1,"1-4",explicit,"","<b>מִיּ֤וֹם אֶחָד֙ לַחֹ֣דֶשׁ הַשְּׁבִיעִ֔י</b> הֵחֵ֕לּוּ לְהַֽעֲל֥וֹת עֹל֖וֹת לַֽיהֹוָ֑ה וְהֵיכַ֥ל יְהֹוָ֖ה לֹ֥א יֻסָּֽד"
90,"עזרא","ו","טו",35,6,15,12,"אדר",3,"5-14",explicit,"","וְשֵׁיצִיא֙ בַּיְתָ֣ה דְנָ֔ה עַ֛ד <b>י֥וֹם תְּלָתָ֖ה לִירַ֣ח אֲדָ֑ר דִּי־הִ֣יא שְׁנַת־שֵׁ֔ת לְמַלְכ֖וּת דָּֽרְיָ֥וֶשׁ</b> מַלְכָּֽא"
91,"עזרא","ו","יט",35,6,19,1,"ניסן",14,"6-9",explicit,"","וַיַּֽעֲשׂ֥וּ בְנֵֽי־הַגּוֹלָ֖ה אֶת־הַפָּ֑סַח <b>בְּאַרְבָּעָ֥ה עָשָׂ֖ר לַחֹ֥דֶשׁ הָֽרִאשֽׁוֹן</b>"
92,"עזרא","ז","ט",35,7,9,1,"ניסן",1,"2-4",explicit,"","כִּ֗י <b>בְּאֶחָד֙ לַחֹ֣דֶשׁ הָֽרִאשׁ֔וֹן</b> ה֣וּא יְסֻ֔ד הַֽמַּעֲלָ֖ה מִבָּבֶ֑ל וּבְאֶחָ֞ד לַחֹ֣דֶשׁ הַֽחֲמִישִׁ֗י בָּ֚א אֶל־יְר֣וּשָׁלִַ֔ם כְּיַד־אֱלֹהָ֖יו הַטּוֹבָ֥ה עָלָֽיו"
93,"עזרא","ז","ט",35,7,9,5,"אב",1,"9-11",explicit,"","כִּ֗י בְּאֶחָד֙ לַחֹ֣דֶשׁ הָֽרִאשׁ֔וֹן ה֣וּא יְסֻ֔ד הַֽמַּעֲלָ֖ה מִבָּבֶ֑ל <b>וּבְאֶחָ֞ד לַחֹ֣דֶשׁ הַֽחֲמִישִׁ֗י</b> בָּ֚א אֶל־יְר֣וּשָׁלִַ֔ם כְּיַד־אֱלֹהָ֖יו הַטּוֹבָ֥ה עָלָֽיו"
94,"עזרא","ח","לא",35,8,31,1,"ניסן",12,"4-7",explicit,"","וַֽנִּסְּעָ֞ה מִנְּהַ֣ר אַֽהֲוָ֗א <b>בִּשְׁנֵ֤ים עָשָׂר֙ לַחֹ֣דֶשׁ הָֽרִאשׁ֔וֹן</b> לָלֶ֖כֶת יְרֽוּשָׁלִָ֑ם וְיַד־אֱלֹהֵ֨ינוּ֙ הָֽיְתָ֣ה עָלֵ֔ינוּ וַיַּ֨צִּילֵ֔נוּ מִכַּ֥ף אוֹיֵ֛ב וְאוֹרֵ֖ב עַל־הַדָּֽרֶךְ"
95,"עזרא","י","ט",35,10,9,9,"כסלו",20,"9-13",explicit,"","וַיִּקָּֽבְצ֣וּ כָל־אַנְשֵֽׁי־יְהוּדָה֩ וּבִנְיָמִ֨ן ׀ יְרֽוּשָׁלִַ֜ם לִשְׁלֹ֣שֶׁת הַיָּמִ֗ים <b>ה֛וּא חֹ֥דֶשׁ הַתְּשִׁיעִ֖י בְּעֶשְׂרִ֣ים בַּחֹ֑דֶשׁ</b> וַיֵּֽשְׁב֣וּ כָל־הָעָ֗ם בִּרְחוֹב֙ בֵּ֣ית הָֽאֱלֹהִ֔ים מַרְעִידִ֥ים עַל־הַדָּבָ֖ר וּמֵֽהַגְּשָׁמִֽים"
96,"עזרא","י","טז",35,10,16,10,"טבת",1,"16-19",explicit,"","וַיַּֽעֲשׂוּ־כֵן֮ בְּנֵ֣י הַגּוֹלָה֒ וַיִּבָּֽדְלוּ֩ עֶזְרָ֨א הַכֹּהֵ֜ן אֲנָשִׁ֨ים רָאשֵׁ֧י הָֽאָב֛וֹת לְבֵ֥ית אֲבֹתָ֖ם וְכֻלָּ֣ם בְּשֵׁמ֑וֹת וַיֵּֽשְׁב֗וּ <b>בְּי֤וֹם אֶחָד֙ לַחֹ֣דֶשׁ הָֽעֲשִׂירִ֔י</b> לְדַרְי֖וֹשׁ הַדָּבָֽר"
97,"עזרא","י","יז",35,10,17,1,"ניסן",1,"8-11",explicit,"","וַיְכַלּ֣וּ בַכֹּ֔ל אֲנָשִׁ֕ים הַֽהֹשִׁ֖יבוּ נָשִׁ֣ים נָכְרִיּ֑וֹת עַ֛ד <b>י֥וֹם אֶחָ֖ד לַחֹ֥דֶשׁ הָֽרִאשֽׁוֹן</b>"
98,"נחמיה","ו","טו",36,6,15,6,"אלול",25,"3-5",explicit,"","וַתִּשְׁלַם֙ הַֽחוֹמָ֔ה <b>בְּעֶשְׂרִ֥ים וַֽחֲמִשָּׁ֖ה לֶֽאֱל֑וּל</b> לַֽחֲמִשִּׁ֥ים וּשְׁנַ֖יִם יֽוֹם"
99,"נחמיה","ח","ב",36,8,2,7,"תשרי",1,"14-17",explicit,"","וַיָּבִ֣יא עֶזְרָ֣א הַ֠כֹּהֵ֠ן אֶֽת־הַתּוֹרָ֞ה לִפְנֵ֤י הַקָּהָל֙ מֵאִ֣ישׁ וְעַד־אִשָּׁ֔ה וְכֹ֖ל מֵבִ֣ין לִשְׁמֹ֑עַ <b>בְּי֥וֹם אֶחָ֖ד לַחֹ֥דֶשׁ הַשְּׁבִיעִֽי</b>"
100,"נחמיה","ט","א",36,9,1,7,"תשרי",24,"1-5",context,"החודש נלמד מההקשר","<b>וּבְיוֹם֩ עֶשְׂרִ֨ים וְאַרְבָּעָ֜ה לַחֹ֣דֶשׁ הַזֶּ֗ה</b> נֶֽאֶסְפ֤וּ בְנֵֽי־יִשְׂרָאֵל֙ בְּצ֣וֹם וּבְשַׂקִּ֔ים וַֽאֲדָמָ֖ה עֲלֵיהֶֽם"
101,"דברי הימים ב","ז","י",38,7,10,7,"תשרי",23,"1-5",explicit,"","<b>וּבְי֨וֹם עֶשְׂרִ֤ים וּשְׁלֹשָׁה֙ לַחֹ֣דֶשׁ הַשְּׁבִיעִ֔י</b> שִׁלַּ֥ח אֶת־הָעָ֖ם לְאָֽהֳלֵיהֶ֑ם שְׂמֵחִים֙ וְט֣וֹבֵי לֵ֔ב עַל־הַטּוֹבָ֗ה אֲשֶׁ֨ר עָשָׂ֤ה יְהֹוָה֙ לְדָוִ֣יד וְלִשְׁלֹמֹ֔ה וּלְיִשְׂרָאֵ֖ל עַמּֽוֹ"
102,"דברי הימים ב","כט","יז",38,29,17,1,"ניסן",1,"2-4",explicit,"","וַ֠יָּחֵ֠לּוּ <b>בְּאֶחָ֞ד לַחֹ֣דֶשׁ הָֽרִאשׁוֹן֮</b> לְקַדֵּשׁ֒ וּבְי֧וֹם שְׁמוֹנָ֣ה לַחֹ֗דֶשׁ בָּ֚אוּ לְאוּלָ֣ם יְהֹוָ֔ה וַיְקַדְּשׁ֥וּ אֶת־בֵּית־יְהֹוָ֖ה לְיָמִ֣ים שְׁמוֹנָ֑ה וּבְי֨וֹם שִׁשָּׁ֥ה עָשָׂ֛ר לַחֹ֥דֶשׁ הָֽרִאשׁ֖וֹן כִּלּֽוּ"
103,"דברי הימים ב","כט","יז",38,29,17,1,"ניסן",8,"6-8",context,"החודש נלמד מההקשר","וַ֠יָּחֵ֠לּוּ בְּאֶחָ֞ד לַחֹ֣דֶשׁ הָֽרִאשׁוֹן֮ לְקַדֵּשׁ֒ <b>וּבְי֧וֹם שְׁמוֹנָ֣ה לַחֹ֗דֶשׁ</b> בָּ֚אוּ לְאוּלָ֣ם יְהֹוָ֔ה וַיְקַדְּשׁ֥וּ אֶת־בֵּית־יְהֹוָ֖ה לְיָמִ֣ים שְׁמוֹנָ֑ה וּבְי֨וֹם שִׁשָּׁ֥ה עָשָׂ֛ר לַחֹ֥דֶשׁ הָֽרִאשׁ֖וֹן כִּלּֽוּ"
104,"דברי הימים ב","כט","יז",38,29,17,1,"ניסן",16,"18-22",explicit,"","וַ֠יָּחֵ֠לּוּ בְּאֶחָ֞ד לַחֹ֣דֶשׁ הָֽרִאשׁוֹן֮ לְקַדֵּשׁ֒ וּבְי֧וֹם שְׁמוֹנָ֣ה לַחֹ֗דֶשׁ בָּ֚אוּ לְאוּלָ֣ם יְהֹוָ֔ה וַיְקַדְּשׁ֥וּ אֶת־בֵּית־יְהֹוָ֖ה לְיָמִ֣ים שְׁמוֹנָ֑ה <b>וּבְי֨וֹם שִׁשָּׁ֥ה עָשָׂ֛ר לַחֹ֥דֶשׁ הָֽרִאשׁ֖וֹן</b> כִּלּֽוּ"
105,"דברי הימים ב","ל","טו",38,30,15,2,"אייר",14,"3-6",explicit,"","וַיִּשְׁחֲט֣וּ הַפֶּ֔סַח <b>בְּאַרְבָּעָ֥ה עָשָׂ֖ר לַחֹ֣דֶשׁ הַשֵּׁנִ֑י</b> וְהַכֹּֽהֲנִ֨ים וְהַלְוִיִּ֤ם נִכְלְמוּ֙ וַיִּֽתְקַדְּשׁ֔וּ וַיָּבִ֥יאוּ עֹל֖וֹת בֵּ֥ית יְהֹוָֽה"
106,"דברי הימים ב","לה","א",38,35,1,1,"ניסן",14,"8-11",explicit,"","וַיַּ֨עַשׂ יֹֽאשִׁיָּ֧הוּ בִירֽוּשָׁלִַ֛ם פֶּ֖סַח לַֽיהֹוָ֑ה וַיִּשְׁחֲט֣וּ הַפֶּ֔סַח <b>בְּאַרְבָּעָ֥ה עָשָׂ֖ר לַחֹ֥דֶשׁ הָֽרִאשֽׁוֹן</b>"
